{"mean": [4.404526061525816, 4.415631206769053, 4.414232117414086, 4.402769126842673, 4.435081139012694, 4.432087922257634, 4.409145601978014, 4.400336338671857, 4.408213863416779, 4.401623106578555], "scale": [1.873111426329095, 1.865736214967413, 1.8550996760757854, 1.839892783662848, 1.8355788825740496, 1.8397206492477214, 1.8386868307851443, 1.8541794323305059, 1.852319070347903, 1.8724896085188505], "features": ["depth_1", "depth_2", "depth_3", "depth_4", "depth_5", "depth_6", "depth_7", "depth_8", "depth_9", "depth_10"]}